{"cameraMode":{"drawMode":0,"name":"Shaded","section":"Shading Mode"},"sceneLighting":false,"audioPlay":false,"sceneViewState":{"showFog":false,"showMaterialUpdate":false,"showSkybox":false,"showFlares":false,"showImageEffects":false,"showParticleSystems":false},"in2DMode":false,"pivot":{"x":-0.06466548889875412,"y":0.9326637387275696,"z":0.010801427997648716},"rotation":{"x":0.6844236254692078,"y":0.0098415557295084,"z":-0.009240279905498028,"w":0.7289596796035767},"size":6.277935981750488,"orthographic":false}