{"cameraMode":{"drawMode":0,"name":"Shaded","section":"Shading Mode"},"sceneLighting":true,"audioPlay":false,"sceneViewState":{"showFog":false,"showMaterialUpdate":false,"showSkybox":false,"showFlares":false,"showImageEffects":false,"showParticleSystems":false},"in2DMode":false,"pivot":{"x":8.005941390991211,"y":-4.791162490844727,"z":363.210205078125},"rotation":{"x":0.6844236254692078,"y":0.0098415557295084,"z":-0.009240279905498028,"w":0.7289596796035767},"size":115.23377227783203,"orthographic":false}