{"cameraMode":{"drawMode":0,"name":"Shaded","section":"Shading Mode"},"sceneLighting":false,"audioPlay":false,"sceneViewState":{"showFog":true,"showMaterialUpdate":false,"showSkybox":false,"showFlares":true,"showImageEffects":true,"showParticleSystems":true},"in2DMode":false,"pivot":{"x":237.32363891601563,"y":8.354881286621094,"z":126.8973388671875},"rotation":{"x":-0.38166508078575137,"y":0.21594484150409699,"z":-0.09218218922615051,"w":-0.8939810395240784},"size":53.14295196533203,"orthographic":true}