{"cameraMode":{"drawMode":0,"name":"Shaded","section":"Shading Mode"},"sceneLighting":true,"audioPlay":false,"sceneViewState":{"showFog":true,"showMaterialUpdate":false,"showSkybox":true,"showFlares":true,"showImageEffects":true,"showParticleSystems":true},"in2DMode":false,"pivot":{"x":235.6818389892578,"y":4.209843158721924,"z":159.64427185058595},"rotation":{"x":0.12196937203407288,"y":-0.145334854722023,"z":0.01805306226015091,"w":0.9816697239875794},"size":56.11079788208008,"orthographic":false}