{"cameraMode":{"drawMode":0,"name":"Shaded","section":"Shading Mode"},"sceneLighting":false,"audioPlay":false,"sceneViewState":{"showFog":true,"showMaterialUpdate":false,"showSkybox":false,"showFlares":true,"showImageEffects":true,"showParticleSystems":true},"in2DMode":false,"pivot":{"x":242.9362030029297,"y":5.537672996520996,"z":132.55502319335938},"rotation":{"x":-0.12292429059743881,"y":0.3489331603050232,"z":-0.04623902589082718,"w":-0.9278994202613831},"size":21.574769973754884,"orthographic":false}