{"cameraMode":{"drawMode":0,"name":"Shaded","section":"Shading Mode"},"sceneLighting":true,"audioPlay":false,"sceneViewState":{"showFog":true,"showMaterialUpdate":false,"showSkybox":true,"showFlares":true,"showImageEffects":true,"showParticleSystems":true},"in2DMode":false,"pivot":{"x":248.31033325195313,"y":58.373313903808597,"z":346.39813232421877},"rotation":{"x":0.07970380783081055,"y":-0.396645188331604,"z":0.03459521010518074,"w":0.9138506650924683},"size":94.42484283447266,"orthographic":true}